,confidence,word
0,-3.0,
1,0.49939998984336853,<...> you <...>
2,0.4878000020980835,<...> blue <...>
3,0.5286999940872192,<...> affirmative <...>
4,0.5343999862670898,<...> twenty <...>
