,confidence,word
0,-3.0,
1,-3.0,
2,0.5257999897003174,<...> you <...>
3,0.4997999966144562,<...> blue <...>
4,0.5421000123023987,<...> affirmative <...>
5,0.5238999724388123,<...> twenty <...>
