,confidence,mood,word
0,-3.0,-100,
1,0.4959999918937683,-80,<...> me <...>
2,0.5031999945640564,-60,<...> cream <...>
3,0.48829999566078186,-40,<...> game <...>
4,0.4652000069618225,-20,<...> tired <...>
5,0.5142999887466431,0,<...> wrong <...>
6,0.5210000276565552,20,<...> cheer <...>
7,0.48969998955726624,40,<...> time <...>
8,0.46619999408721924,60,<...> joke <...>
9,0.5133000016212463,80,<...> ten <...>
10,0.5468999743461609,100,<...> answer <...>
