,confidence,mood,word
0,-3.0,-100,
1,-3.0,-100,
2,0.4796999990940094,-80,<...> me <...>
3,0.4936000108718872,-60,<...> cream <...>
4,0.4571000039577484,-40,<...> game <...>
5,0.4499000012874603,-20,<...> you <...>
6,0.4603999853134155,0,<...> is <...>
7,-3.0,0,
8,0.5253000259399414,20,<...> cheer <...>
9,0.5012999773025513,40,<...> time <...>
10,0.4546999931335449,60,<...> a <...>
11,0.5205000042915344,80,<...> ten <...>
12,0.5641999840736389,100,<...> answer <...>
