,confidence,word
0,-3.0,
1,-3.0,
2,-3.0,
3,0.5026999711990356,<...> you <...>
4,0.5045999884605408,<...> eyes <...>
5,0.541700005531311,<...> affirmative <...>
6,0.52920001745224,<...> twenty <...>
