,confidence,mood,word
0,-3.0,-100,
1,0.4970000088214874,-80,<...> you <...>
2,0.4810999929904938,-60,<...> ice <...>
3,0.46720001101493835,-40,<...> game <...>
4,0.49070000648498535,-20,<...> you <...>
5,0.48829999566078186,0,<...> is <...>
6,0.48010000586509705,20,<...> up <...>
7,0.48489999771118164,40,<...> with <...>
8,0.49070000648498535,60,<...> joke <...>
9,0.5127999782562256,80,<...> ten <...>
10,0.5060999989509583,100,<...> good <...>
