,confidence,word
0,-3.0,
1,0.462799996137619,<...> you <...>
2,0.5002999901771545,<...> blue <...>
3,0.5098999738693237,<...> affirmative <...>
4,0.5723999738693237,<...> twenty <...>
