,confidence,word
0,-3.0,
1,0.49309998750686646,<...> you <...>
2,0.4950000047683716,<...> eyes <...>
3,0.58160001039505,<...> affirmative <...>
4,0.5343999862670898,<...> twenty <...>
