,confidence,word
0,-3.0,
1,-3.0,
2,-3.0,
3,0.5074999928474426,<...> you <...>
4,0.4970000088214874,<...> eyes <...>
5,0.5113999843597412,<...> affirmative <...>
6,0.536899983882904,<...> twenty <...>
