,confidence,word
0,-3.0,
1,-3.0,
2,0.5162000060081482,<...> you <...>
3,0.4936000108718872,<...> blue <...>
4,0.546500027179718,<...> affirmative <...>
5,0.5401999950408936,<...> twenty <...>
