,confidence,mood,word
0,-3.0,-100,
1,0.52920001745224,-80,<...> ignoring <...>
2,0.5430999994277954,-60,<...> cream <...>
3,0.48489999771118164,-40,<...> game <...>
4,0.4936000108718872,-20,<...> tired <...>
5,0.5849000215530396,0,<...> wrong <...>
6,0.506600022315979,20,<...> cheer <...>
7,0.4984000027179718,40,<...> time <...>
8,0.4950000047683716,60,<...> joke <...>
9,0.5263000130653381,80,<...> ten <...>
10,0.5964999794960022,100,<...> answer <...>
