,confidence,word
0,-3.0,
1,0.5306000113487244,<...> you <...>
2,0.49889999628067017,<...> blue <...>
3,0.5728999972343445,<...> affirmative <...>
4,0.5224000215530396,<...> twenty <...>
