,confidence,mood,word
0,-3.0,-100,
1,0.5138000249862671,-80,<...> ignoring <...>
2,0.5257999897003174,-60,<...> cream <...>
3,0.4869000017642975,-40,<...> game <...>
4,0.48829999566078186,-20,<...> tired <...>
5,0.546500027179718,0,<...> wrong <...>
6,0.511900007724762,20,<...> cheer <...>
7,0.4964999854564667,40,<...> time <...>
8,0.4738999903202057,60,<...> joke <...>
9,0.507099986076355,80,<...> ten <...>
10,0.5339999794960022,100,<...> answer <...>
