,confidence,word
0,-3.0,
1,0.461899995803833,<...> one <...>
2,0.461899995803833,<...> one <...>
3,0.461899995803833,<...> one <...>
4,0.461899995803833,<...> one <...>
