,confidence,mood,word
0,-3.0,-100,
1,0.5133000016212463,-80,<...> ignoring <...>
2,0.5156999826431274,-60,<...> cream <...>
3,0.48350000381469727,-40,<...> a <...>
4,0.49790000915527344,-20,<...> tired <...>
5,0.5364000201225281,0,<...> wrong <...>
6,0.5281999707221985,20,<...> cheer <...>
7,0.5026999711990356,40,<...> time <...>
8,0.4747999906539917,60,<...> joke <...>
9,0.5224000215530396,80,<...> ten <...>
10,0.5325000286102295,100,<...> answer <...>
