,confidence,word
0,-3.0,
1,0.49549999833106995,<...> you <...>
2,0.4984000027179718,<...> eyes <...>
3,0.46959999203681946,<...> affirmative <...>
4,0.516700029373169,<...> twenty <...>
