,confidence,word
0,-3.0,
1,0.4916999936103821,<...> are <...>
2,0.507099986076355,<...> eyes <...>
3,0.48969998955726624,<...> affirmative <...>
4,0.5205000042915344,<...> twenty <...>
