,confidence,word
0,-3.0,
1,0.49889999628067017,<...> it <...>
2,0.48249998688697815,<...> play <...>
3,0.49309998750686646,<...> shirt <...>
