,confidence,mood,word
0,-3.0,-100.0,
1,0.4916999936103821,-71.0,<...> video <...>
2,0.4781999886035919,-42.0,<...> to <...>
3,0.5146999955177307,-13.0,<...> character <...>
4,0.48829999566078186,16.0,<...> think <...>
5,0.4652000069618225,45.0,<...> facial <...>
6,-3.0,45.0,
7,0.4772000014781952,74.0,<...> your <...>
8,0.4984000027179718,100.0,<...> play <...>
