,confidence,mood,word
0,-3.0,-100,
1,0.5267999768257141,-80,<...> ignoring <...>
2,0.5133000016212463,-60,<...> cream <...>
3,0.47200000286102295,-40,<...> a <...>
4,0.4810999929904938,-20,<...> you <...>
5,0.5738999843597412,0,<...> wrong <...>
6,0.5051000118255615,20,<...> cheer <...>
7,0.5031999945640564,40,<...> time <...>
8,0.4657000005245209,60,<...> joke <...>
9,0.5142999887466431,80,<...> ten <...>
10,0.5460000038146973,100,<...> answer <...>
