,confidence,mood,word
0,-3.0,-100.0,
1,0.4984000027179718,-71.0,<...> game <...>
2,0.4912000000476837,-42.0,<...> play <...>
3,0.5060999989509583,-13.0,<...> character <...>
4,0.5109000205993652,16.0,<...> think <...>
5,-3.0,16.0,
6,0.20569999516010284,45.0,<...> facial <...>
7,0.501800000667572,74.0,<...> computer <...>
8,0.4864000082015991,100.0,<...> play <...>
