,confidence,word
0,-3.0,
1,0.4499000012874603,<...> you <...>
2,0.4950000047683716,<...> blue <...>
3,0.5248000025749207,<...> affirmative <...>
4,0.5343999862670898,<...> twenty <...>
