,confidence,word
0,-3.0,
1,-3.0,
2,-3.0,
3,-3.0,
4,0.49889999628067017,<...> you <...>
5,0.4950000047683716,<...> eyes <...>
6,0.5310999751091003,<...> affirmative <...>
7,0.5113999843597412,<...> twenty <...>
