,confidence,mood,word
0,-3.0,-100,
1,0.49790000915527344,-80,<...> me <...>
2,0.37779998779296875,-60,<...> cream <...>
3,0.4690999984741211,-40,<...> game <...>
4,0.4887999892234802,-20,<...> you <...>
5,0.5008000135421753,0,<...> is <...>
6,0.4733999967575073,20,<...> up <...>
7,-3.0,20,
8,0.48539999127388,40,<...> time <...>
9,0.4643000066280365,60,<...> joke <...>
10,0.5002999901771545,80,<...> ten <...>
11,0.5839999914169312,100,<...> answer <...>
