,confidence,word
0,-3.0,
1,0.5454999804496765,<...> you <...>
2,0.5008000135421753,<...> blue <...>
3,0.5526999831199646,<...> affirmative <...>
4,0.5214999914169312,<...> twenty <...>
