,confidence,mood,word
0,-3.0,-100.0,
1,0.49549999833106995,-71.0,<...> you <...>
2,0.49070000648498535,-42.0,<...> play <...>
3,0.524399995803833,-13.0,<...> own <...>
4,0.3720000088214874,16.0,<...> think <...>
5,0.41040000319480896,45.0,<...> facial <...>
6,-3.0,45.0,
7,-3.0,45.0,
8,0.4964999854564667,74.0,<...> your <...>
9,0.4805999994277954,100.0,<...> play <...>
