,confidence,mood,word
0,-3.0,-100,
1,0.5584999918937683,-80,<...> ignoring <...>
2,0.5142999887466431,-60,<...> cream <...>
3,0.4973999857902527,-40,<...> game <...>
4,0.4964999854564667,-20,<...> tired <...>
5,0.5421000123023987,0,<...> wrong <...>
6,0.51910001039505,20,<...> cheer <...>
7,0.49219998717308044,40,<...> time <...>
8,0.4546999931335449,60,<...> joke <...>
9,0.5041999816894531,80,<...> ten <...>
10,0.5670999884605408,100,<...> answer <...>
