,confidence,mood,word
0,-3.0,-100,
1,0.5156999826431274,-80,<...> ignoring <...>
2,0.5228999853134155,-60,<...> cream <...>
3,0.48829999566078186,-40,<...> game <...>
4,0.46959999203681946,-20,<...> you <...>
5,0.5763000249862671,0,<...> wrong <...>
6,0.5257999897003174,20,<...> cheer <...>
7,0.4959999918937683,40,<...> with <...>
8,0.4584999978542328,60,<...> joke <...>
9,0.5267999768257141,80,<...> ten <...>
10,0.5820000171661377,100,<...> answer <...>
