,confidence,mood,word
0,-3.0,-100,
1,0.4936000108718872,-80,<...> me <...>
2,0.49790000915527344,-60,<...> cream <...>
3,0.47200000286102295,-40,<...> a <...>
4,0.48730000853538513,-20,<...> you <...>
5,0.4810999929904938,0,<...> wrong <...>
6,-3.0,0,
7,-3.0,0,
8,0.5103999972343445,20,<...> up <...>
9,0.4912000000476837,40,<...> time <...>
10,0.46380001306533813,60,<...> joke <...>
11,0.5315999984741211,80,<...> ten <...>
12,0.5460000038146973,100,<...> answer <...>
