,confidence,word
0,-3.0,
1,-3.0,
2,-3.0,
3,0.4580000042915344,<...> you <...>
4,0.48249998688697815,<...> blue <...>
5,0.4936000108718872,<...> affirmative <...>
6,0.5364000201225281,<...> twenty <...>
