,confidence,word
0,-3.0,
1,0.5353999733924866,<...> you <...>
2,0.4997999966144562,<...> eyes <...>
3,0.5022000074386597,<...> affirmative <...>
4,0.4997999966144562,<...> twenty <...>
