,confidence,word
0,-3.0,
1,0.4887999892234802,<...> you <...>
2,0.4912000000476837,<...> blue <...>
3,0.4869000017642975,<...> affirmative <...>
4,0.5436000227928162,<...> twenty <...>
