,confidence,mood,word
0,-3.0,-100,
1,0.5051000118255615,-80,<...> ignoring <...>
2,0.5113999843597412,-60,<...> cream <...>
3,0.48399999737739563,-40,<...> game <...>
4,0.48399999737739563,-20,<...> tired <...>
5,0.5551000237464905,0,<...> wrong <...>
6,0.507099986076355,20,<...> cheer <...>
7,0.49889999628067017,40,<...> time <...>
8,0.484499990940094,60,<...> joke <...>
9,0.5205000042915344,80,<...> ten <...>
10,0.5666999816894531,100,<...> answer <...>
