,confidence,word
0,-3.0,
1,-3.0,
2,-3.0,
3,0.45419999957084656,<...> are <...>
4,0.46619999408721924,<...> blue <...>
5,0.4652000069618225,<...> affirmative <...>
6,0.48249998688697815,<...> twenty <...>
