,confidence,mood,word
0,-3.0,-100,
1,0.5205000042915344,-80,<...> ignoring <...>
2,0.5156999826431274,-60,<...> cream <...>
3,0.4715000092983246,-40,<...> game <...>
4,0.4830000102519989,-20,<...> tired <...>
5,0.5080000162124634,0,<...> wrong <...>
6,0.5214999914169312,20,<...> cheer <...>
7,-3.0,20,
8,0.4715000092983246,40,<...> with <...>
9,0.4830000102519989,60,<...> a <...>
10,0.47679999470710754,80,<...> ten <...>
11,-3.0,80,
12,0.5497999787330627,100,<...> answer <...>
