,confidence,word
0,-3.0,
1,-3.0,
2,0.4675999879837036,<...> are <...>
3,0.4810999929904938,<...> blue <...>
4,0.5220000147819519,<...> affirmative <...>
5,0.4984000027179718,<...> twenty <...>
