,confidence,mood,word
0,-3.0,-100.0,
1,0.450300008058548,-71.0,<...> facial <...>
2,0.49070000648498535,-42.0,<...> to <...>
3,0.4950000047683716,-13.0,<...> own <...>
4,0.4738999903202057,16.0,<...> you <...>
5,-3.0,16.0,
6,0.5228999853134155,45.0,<...> expressions <...>
7,-3.0,45.0,
8,0.5080000162124634,74.0,<...> computer <...>
9,0.48539999127388,100.0,<...> play <...>
