,confidence,mood,word
0,-3.0,-100,
1,0.516700029373169,-80,<...> ignoring <...>
2,0.4936000108718872,-60,<...> cream <...>
3,0.5123000144958496,-40,<...> game <...>
4,0.47200000286102295,-20,<...> you <...>
5,0.5210000276565552,0,<...> wrong <...>
6,0.5051000118255615,20,<...> cheer <...>
7,0.5031999945640564,40,<...> time <...>
8,0.48159998655319214,60,<...> joke <...>
9,0.5205000042915344,80,<...> ten <...>
10,0.5335000157356262,100,<...> answer <...>
