,confidence,word
0,-3.0,
1,0.5041999816894531,<...> you <...>
2,0.5022000074386597,<...> eyes <...>
3,0.5460000038146973,<...> affirmative <...>
4,0.5090000033378601,<...> twenty <...>
