,confidence,mood,word
0,-3.0,-100,
1,0.4973999857902527,-80,<...> me <...>
2,0.49219998717308044,-60,<...> ice <...>
3,0.47290000319480896,-40,<...> game <...>
4,0.4747999906539917,-20,<...> tired <...>
5,0.5224000215530396,0,<...> wrong <...>
6,0.5195000171661377,20,<...> cheer <...>
7,0.48590001463890076,40,<...> time <...>
8,0.47099998593330383,60,<...> joke <...>
9,0.4916999936103821,80,<...> nine <...>
10,0.5835000276565552,100,<...> answer <...>
