,confidence,word
0,-3.0,
1,0.5051000118255615,<...> you <...>
2,0.5026999711990356,<...> blue <...>
3,0.5878000259399414,<...> affirmative <...>
4,0.5220000147819519,<...> twenty <...>
