,confidence,mood,word
0,-3.0,-100,
1,0.5031999945640564,-80,<...> ignoring <...>
2,0.49889999628067017,-60,<...> ice <...>
3,0.4781999886035919,-40,<...> a <...>
4,0.47440001368522644,-20,<...> you <...>
5,0.4772000014781952,0,<...> wrong <...>
6,-3.0,0,
7,0.48730000853538513,20,<...> up <...>
8,0.48539999127388,40,<...> with <...>
9,0.48539999127388,60,<...> joke <...>
10,0.5263000130653381,80,<...> ten <...>
11,0.5372999906539917,100,<...> answer <...>
