,confidence,mood,word
0,-3.0,-100,
1,0.5037000179290771,-80,<...> me <...>
2,0.5055999755859375,-60,<...> cream <...>
3,0.4970000088214874,-40,<...> game <...>
4,0.49889999628067017,-20,<...> tired <...>
5,0.5411999821662903,0,<...> wrong <...>
6,0.5060999989509583,20,<...> up <...>
7,0.4959999918937683,40,<...> time <...>
8,0.47769999504089355,60,<...> joke <...>
9,0.5022000074386597,80,<...> ten <...>
10,0.5425999760627747,100,<...> answer <...>
