,confidence,mood,word
0,-3.0,-100,
1,0.49459999799728394,-80,<...> me <...>
2,0.49410000443458557,-60,<...> ice <...>
3,0.5037000179290771,-40,<...> game <...>
4,0.5008000135421753,-20,<...> you <...>
5,0.5142999887466431,0,<...> wrong <...>
6,0.5026999711990356,20,<...> up <...>
7,0.47870001196861267,40,<...> with <...>
8,0.462799996137619,60,<...> joke <...>
9,0.5060999989509583,80,<...> ten <...>
10,0.5138000249862671,100,<...> good <...>
