,confidence,mood,word
0,-3.0,-100,
1,-3.0,-100,
2,0.45750001072883606,-80,<...> me <...>
3,0.5113999843597412,-60,<...> cream <...>
4,0.45320001244544983,-40,<...> game <...>
5,0.47200000286102295,-20,<...> you <...>
6,0.47200000286102295,0,<...> is <...>
7,-3.0,0,
8,0.5055999755859375,20,<...> up <...>
9,0.490200012922287,40,<...> time <...>
10,0.49939998984336853,60,<...> joke <...>
11,0.5195000171661377,80,<...> ten <...>
12,0.5440999865531921,100,<...> answer <...>
