,confidence,mood,word
0,-3.0,-100,
1,0.5257999897003174,-80,<...> ignoring <...>
2,0.46380001306533813,-60,<...> ice <...>
3,0.47200000286102295,-40,<...> game <...>
4,0.490200012922287,-20,<...> tired <...>
5,0.536899983882904,0,<...> wrong <...>
6,0.5271999835968018,20,<...> cheer <...>
7,0.5060999989509583,40,<...> time <...>
8,0.47679999470710754,60,<...> joke <...>
9,0.52920001745224,80,<...> ten <...>
10,0.5670999884605408,100,<...> answer <...>
