,confidence,mood,word
0,-3.0,-100,
1,0.5343999862670898,-80,<...> ignoring <...>
2,0.5142999887466431,-60,<...> cream <...>
3,0.45750001072883606,-40,<...> game <...>
4,0.4772000014781952,-20,<...> you <...>
5,0.4738999903202057,0,<...> wrong <...>
6,-3.0,0,
7,-3.0,0,
8,0.49889999628067017,20,<...> up <...>
9,0.4997999966144562,40,<...> time <...>
10,0.4652000069618225,60,<...> joke <...>
11,0.5156999826431274,80,<...> ten <...>
12,0.5401999950408936,100,<...> answer <...>
