,confidence,mood,word
0,-3.0,-100,
1,0.5026999711990356,-80,<...> ignoring <...>
2,0.5031999945640564,-60,<...> cream <...>
3,0.46140000224113464,-40,<...> game <...>
4,0.48969998955726624,-20,<...> you <...>
5,0.501800000667572,0,<...> wrong <...>
6,0.48350000381469727,20,<...> up <...>
7,0.46959999203681946,40,<...> time <...>
8,0.489300012588501,60,<...> a <...>
9,0.5055999755859375,80,<...> ten <...>
10,0.5248000025749207,100,<...> answer <...>
