,confidence,word
0,-3.0,
1,0.4916999936103821,<...> you <...>
2,0.4936000108718872,<...> blue <...>
3,0.4465000033378601,<...> affirmative <...>
4,0.5263000130653381,<...> twenty <...>
