,confidence,word
0,-3.0,
1,-3.0,
2,0.4499000012874603,<...> you <...>
3,0.4997999966144562,<...> blue <...>
4,0.52920001745224,<...> affirmative <...>
5,0.5205000042915344,<...> twenty <...>
