,confidence,word
0,-3.0,
1,0.5257999897003174,<...> you <...>
2,0.4950000047683716,<...> eyes <...>
3,0.4632999897003174,<...> affirmative <...>
4,0.5238999724388123,<...> twenty <...>
