,confidence,mood,word
0,-3.0,-100,
1,0.5162000060081482,-80,<...> ignoring <...>
2,0.5138000249862671,-60,<...> cream <...>
3,0.47870001196861267,-40,<...> game <...>
4,0.4763000011444092,-20,<...> tired <...>
5,0.5315999984741211,0,<...> wrong <...>
6,0.5238999724388123,20,<...> cheer <...>
7,0.49790000915527344,40,<...> time <...>
8,0.4523000121116638,60,<...> joke <...>
9,0.5320000052452087,80,<...> ten <...>
10,0.5888000130653381,100,<...> answer <...>
