,confidence,word
0,-3.0,
1,0.4478999972343445,<...> you <...>
2,0.48489999771118164,<...> blue <...>
3,0.5074999928474426,<...> affirmative <...>
4,0.4984000027179718,<...> twenty <...>
