,confidence,word
0,-3.0,
1,0.4936000108718872,<...> you <...>
2,0.49889999628067017,<...> eyes <...>
3,0.5103999972343445,<...> affirmative <...>
4,0.5310999751091003,<...> twenty <...>
