,confidence,word
0,-3.0,
1,0.4950000047683716,<...> you <...>
2,0.4916999936103821,<...> eyes <...>
3,0.5210000276565552,<...> affirmative <...>
4,0.461899995803833,<...> one <...>
