,confidence,word
0,-3.0,
1,0.4196000099182129,<...> you <...>
2,0.4805999994277954,<...> blue <...>
3,0.5335000157356262,<...> affirmative <...>
4,0.5296000242233276,<...> twenty <...>
