,confidence,word
0,-3.0,
1,0.4950000047683716,<...> you <...>
2,0.48969998955726624,<...> eyes <...>
3,0.5281999707221985,<...> affirmative <...>
4,0.5396999716758728,<...> twenty <...>
