,confidence,mood,word
0,-3.0,-100,
1,0.5127999782562256,-80,<...> ignoring <...>
2,0.5080000162124634,-60,<...> cream <...>
3,0.4950000047683716,-40,<...> game <...>
4,0.4675999879837036,-20,<...> you <...>
5,0.48399999737739563,0,<...> wrong <...>
6,-3.0,0,
7,-3.0,0,
8,0.4805999994277954,20,<...> up <...>
9,0.48489999771118164,40,<...> time <...>
10,0.46230000257492065,60,<...> joke <...>
11,0.5109000205993652,80,<...> ten <...>
12,0.5450000166893005,100,<...> answer <...>
