,confidence,word
0,-3.0,
1,0.5008000135421753,<...> you <...>
2,0.48539999127388,<...> blue <...>
3,0.4431000053882599,<...> affirmative <...>
4,0.44699999690055847,<...> twenty <...>
