,confidence,word
0,-3.0,
1,0.5214999914169312,<...> you <...>
2,0.46140000224113464,<...> blue <...>
3,0.40709999203681946,<...> affirmative <...>
4,0.445499986410141,<...> twenty <...>
