,confidence,mood,word
0,-3.0,-100.0,
1,-3.0,-100.0,
2,0.4465000033378601,-71.0,<...> game <...>
3,0.4595000147819519,-42.0,<...> play <...>
4,0.5199999809265137,-13.0,<...> character <...>
5,0.5037000179290771,16.0,<...> think <...>
6,-3.0,16.0,
7,0.5364000201225281,45.0,<...> expressions <...>
8,0.4984000027179718,74.0,<...> your <...>
9,0.5045999884605408,100.0,<...> play <...>
