,confidence,mood,word
0,-3.0,-100,
1,0.5320000052452087,-80,<...> ignoring <...>
2,0.48590001463890076,-60,<...> ice <...>
3,0.4936000108718872,-40,<...> game <...>
4,0.4973999857902527,-20,<...> you <...>
5,0.5343999862670898,0,<...> wrong <...>
6,0.5267999768257141,20,<...> cheer <...>
7,0.506600022315979,40,<...> time <...>
8,0.47290000319480896,60,<...> joke <...>
9,0.5195000171661377,80,<...> ten <...>
10,0.5787000060081482,100,<...> answer <...>
