,confidence,mood,word
0,-3.0,-100,
1,0.5074999928474426,-80,<...> ignoring <...>
2,0.5074999928474426,-60,<...> cream <...>
3,0.48489999771118164,-40,<...> game <...>
4,0.4772000014781952,-20,<...> tired <...>
5,0.5095000267028809,0,<...> wrong <...>
6,0.5051000118255615,20,<...> cheer <...>
7,0.48969998955726624,40,<...> time <...>
8,0.45559999346733093,60,<...> joke <...>
9,0.5210000276565552,80,<...> ten <...>
10,0.5320000052452087,100,<...> answer <...>
