,confidence,word
0,-3.0,
1,0.5012999773025513,<...> you <...>
2,0.4997999966144562,<...> eyes <...>
3,0.5220000147819519,<...> affirmative <...>
4,0.5113999843597412,<...> twenty <...>
