,confidence,word
0,-3.0,
1,-3.0,
2,0.5133000016212463,<...> it <...>
3,0.5041999816894531,<...> play <...>
4,0.4997999966144562,<...> shirt <...>
