,confidence,word
0,-3.0,
1,0.5055999755859375,<...> you <...>
2,0.4973999857902527,<...> blue <...>
3,0.42100000381469727,<...> affirmative <...>
4,0.4758000075817108,<...> twenty <...>
