,confidence,word
0,-3.0,
1,-3.0,
2,-3.0,
3,0.5142999887466431,<...> you <...>
4,0.4970000088214874,<...> eyes <...>
5,0.52920001745224,<...> affirmative <...>
6,0.5113999843597412,<...> twenty <...>
