,confidence,mood,word
0,-3.0,-100,
1,0.49790000915527344,-80,<...> me <...>
2,0.4936000108718872,-60,<...> cream <...>
3,0.46720001101493835,-40,<...> game <...>
4,0.4796999990940094,-20,<...> you <...>
5,0.47870001196861267,0,<...> is <...>
6,-3.0,0,
7,-3.0,0,
8,0.5095000267028809,20,<...> cheer <...>
9,0.4912000000476837,40,<...> time <...>
10,0.45559999346733093,60,<...> a <...>
11,0.5238999724388123,80,<...> ten <...>
12,0.5248000025749207,100,<...> answer <...>
