,confidence,mood,word
0,-3.0,-100,
1,0.49219998717308044,-80,<...> me <...>
2,0.5098999738693237,-60,<...> cream <...>
3,0.48249998688697815,-40,<...> game <...>
4,0.48730000853538513,-20,<...> you <...>
5,0.5109000205993652,0,<...> wrong <...>
6,0.5454999804496765,20,<...> cheer <...>
7,0.4887999892234802,40,<...> time <...>
8,0.4758000075817108,60,<...> joke <...>
9,0.5084999799728394,80,<...> ten <...>
10,0.5460000038146973,100,<...> answer <...>
