,confidence,word
0,-3.0,
1,0.506600022315979,<...> blue <...>
2,-3.0,
3,0.47870001196861267,<...> blue <...>
4,0.44020000100135803,<...> affirmative <...>
5,0.39750000834465027,<...> twenty <...>
