,confidence,word
0,-3.0,
1,0.4724000096321106,<...> you <...>
2,0.49410000443458557,<...> blue <...>
3,0.5267999768257141,<...> affirmative <...>
4,0.5277000069618225,<...> one <...>
