,confidence,word
0,-3.0,
1,0.49790000915527344,<...> blue <...>
2,0.4864000082015991,<...> blue <...>
3,0.45080000162124634,<...> affirmative <...>
4,0.5372999906539917,<...> twenty <...>
