,confidence,word
0,-3.0,
1,0.5133000016212463,<...> you <...>
2,0.49790000915527344,<...> blue <...>
3,0.51910001039505,<...> affirmative <...>
4,0.5561000108718872,<...> twenty <...>
