,confidence,word
0,-3.0,
1,0.49790000915527344,<...> it <...>
2,0.48539999127388,<...> play <...>
3,0.49410000443458557,<...> shirt <...>
