,confidence,word
0,-3.0,
1,-3.0,
2,-3.0,
3,-3.0,
4,0.47530001401901245,<...> you <...>
5,0.4830000102519989,<...> blue <...>
6,0.4239000082015991,<...> affirmative <...>
7,0.4546999931335449,<...> twenty <...>
