,confidence,mood,word
0,-3.0,-100.0,
1,0.4950000047683716,-71.0,<...> video <...>
2,0.48969998955726624,-42.0,<...> play <...>
3,0.5210000276565552,-13.0,<...> character <...>
4,0.49410000443458557,16.0,<...> think <...>
5,-3.0,16.0,
6,0.2214999943971634,45.0,<...> facial <...>
7,-3.0,45.0,
8,0.38589999079704285,74.0,<...> your <...>
9,0.48730000853538513,100.0,<...> play <...>
