,confidence,word
0,-3.0,
1,-3.0,
2,-3.0,
3,-3.0,
4,0.48010000586509705,<...> you <...>
5,0.49309998750686646,<...> blue <...>
6,0.43540000915527344,<...> affirmative <...>
7,0.461899995803833,<...> twenty <...>
