,confidence,mood,word
0,-3.0,-100,
1,0.5113999843597412,-80,<...> ignoring <...>
2,0.5060999989509583,-60,<...> cream <...>
3,0.48829999566078186,-40,<...> game <...>
4,0.48969998955726624,-20,<...> tired <...>
5,0.5421000123023987,0,<...> wrong <...>
6,0.5335000157356262,20,<...> cheer <...>
7,0.5008000135421753,40,<...> time <...>
8,0.4699999988079071,60,<...> joke <...>
9,0.5012999773025513,80,<...> ten <...>
10,0.5248000025749207,100,<...> answer <...>
