,confidence,mood,word
0,-3.0,-100,
1,0.49549999833106995,-80,<...> me <...>
2,0.4950000047683716,-60,<...> cream <...>
3,0.47769999504089355,-40,<...> game <...>
4,0.47099998593330383,-20,<...> you <...>
5,0.5532000064849854,0,<...> wrong <...>
6,0.5199999809265137,20,<...> cheer <...>
7,0.5031999945640564,40,<...> time <...>
8,0.484499990940094,60,<...> joke <...>
9,0.5051000118255615,80,<...> ten <...>
10,0.5497999787330627,100,<...> answer <...>
