,confidence,mood,word
0,-3.0,-100,
1,0.4936000108718872,-80,<...> me <...>
2,0.5156999826431274,-60,<...> cream <...>
3,0.48399999737739563,-40,<...> game <...>
4,0.4763000011444092,-20,<...> tired <...>
5,0.4763000011444092,0,<...> wrong <...>
6,-3.0,0,
7,0.5271999835968018,20,<...> cheer <...>
8,0.49939998984336853,40,<...> time <...>
9,0.4546999931335449,60,<...> joke <...>
10,0.5248000025749207,80,<...> ten <...>
11,0.5473999977111816,100,<...> answer <...>
