,confidence,mood,word
0,-3.0,-100,
1,0.49219998717308044,-80,<...> good <...>
2,0.47679999470710754,-60,<...> ice <...>
3,0.4869000017642975,-40,<...> game <...>
4,0.4997999966144562,-20,<...> you <...>
5,0.490200012922287,0,<...> wrong <...>
6,0.47200000286102295,20,<...> up <...>
7,0.5002999901771545,40,<...> time <...>
8,0.46959999203681946,60,<...> joke <...>
9,0.49889999628067017,80,<...> ten <...>
10,0.569100022315979,100,<...> answer <...>
