,confidence,mood,word
0,-3.0,-100,
1,0.4925999939441681,-80,<...> me <...>
2,0.49410000443458557,-60,<...> ice <...>
3,0.4699999988079071,-40,<...> game <...>
4,0.49790000915527344,-20,<...> you <...>
5,0.5224000215530396,0,<...> wrong <...>
6,0.5286999940872192,20,<...> cheer <...>
7,0.4916999936103821,40,<...> with <...>
8,0.4950000047683716,60,<...> joke <...>
9,0.5113999843597412,80,<...> ten <...>
10,0.5584999918937683,100,<...> answer <...>
