,confidence,word
0,-3.0,
1,-3.0,
2,0.5138000249862671,<...> you <...>
3,0.49309998750686646,<...> eyes <...>
4,0.5425999760627747,<...> affirmative <...>
5,0.5248000025749207,<...> twenty <...>
