,confidence,mood,word
0,-3.0,-100.0,
1,0.49410000443458557,-71.0,<...> video <...>
2,0.47049999237060547,-42.0,<...> to <...>
3,0.5210000276565552,-13.0,<...> character <...>
4,0.4738999903202057,16.0,<...> you <...>
5,0.4417000114917755,45.0,<...> facial <...>
6,0.4830000102519989,74.0,<...> your <...>
7,0.490200012922287,100.0,<...> play <...>
