,confidence,mood,word
0,-3.0,-100,
1,-3.0,-100,
2,0.4887999892234802,-80,<...> me <...>
3,0.5037000179290771,-60,<...> cream <...>
4,0.45509999990463257,-40,<...> game <...>
5,0.4758000075817108,-20,<...> you <...>
6,0.47769999504089355,0,<...> is <...>
7,-3.0,0,
8,0.4997999966144562,20,<...> up <...>
9,-3.0,20,
10,0.4652000069618225,40,<...> with <...>
11,0.4675999879837036,60,<...> a <...>
12,0.4864000082015991,80,<...> ten <...>
13,-3.0,80,
14,0.5008000135421753,100,<...> answer <...>
