,confidence,mood,word
0,-3.0,-100,
1,-3.0,-100,
2,0.4772000014781952,-80,<...> me <...>
3,0.49939998984336853,-60,<...> cream <...>
4,0.4523000121116638,-40,<...> game <...>
5,0.46230000257492065,-20,<...> you <...>
6,0.47530001401901245,0,<...> is <...>
7,-3.0,0,
8,0.5127999782562256,20,<...> cheer <...>
9,0.4925999939441681,40,<...> time <...>
10,0.4609000086784363,60,<...> joke <...>
11,0.5224000215530396,80,<...> ten <...>
12,0.4537000060081482,100,<...> good <...>
